{
  "generator-jhipster": {
    "promptValues": {
      "packageName": "com.masterteknoloji.net",
      "nativeLanguage": "en"
    },
    "jhipsterVersion": "4.13.0",
    "baseName": "passengercounter2",
    "packageName": "com.masterteknoloji.net",
    "packageFolder": "com/masterteknoloji/net",
    "serverPort": "8080",
    "authenticationType": "jwt",
    "hibernateCache": "ehcache",
    "clusteredHttpSession": false,
    "websocket": false,
    "databaseType": "sql",
    "devDatabaseType": "mysql",
    "prodDatabaseType": "mysql",
    "searchEngine": false,
    "messageBroker": false,
    "serviceDiscoveryType": "eureka",
    "buildTool": "maven",
    "enableSocialSignIn": false,
    "enableSwaggerCodegen": false,
    "jwtSecretKey": "aad03764283401ab0c0df9013b4fad0f2e291011",
    "clientFramework": "angular1",
    "useSass": false,
    "clientPackageManager": "yarn",
    "applicationType": "monolith",
    "testFrameworks": [],
    "jhiPrefix": "jhi",
    "enableTranslation": true,
    "nativeLanguage": "en",
    "languages": [
      "en",
      "tr"
    ]
  }
}